class,balanced_acc,accuracy,precision,AUPRC,recall,f1,fbeta,roc_auc,jaccard,mcc
Amoxicillin-Clavulanic acid,0.07562675169625835,0.09395131794892403,0.035434184048788654,0.05164697186919587,0.22453954934972284,0.1661290479206781,0.20659781410685624,0.06243590914940086,0.19545818473166013,0.10699156217633132
Ampicillin,0.06473688955341493,0.08360140343913182,0.05088679681858081,0.06408043206041292,0.2372363940706159,0.16222458480900517,0.21172106044929112,0.045589256116677614,0.18659692901875055,0.11267529722950842
Cefoxitin,0.06418198853205181,0.14721811657642722,0.027995827660966862,0.08219398276212272,0.2542535809840135,0.20044541248000927,0.2385667273508824,0.06210865262358733,0.24702412909232424,0.13448119476112314
Ceftiofur,0.06893677663148863,0.1462871403460672,0.01737078037348799,0.06591937105597616,0.25106519857248916,0.19444267867919712,0.23444243194435746,0.06207949972733666,0.24358154538367766,0.13720350439082604
Ceftriaxone,0.07752401721148791,0.19635913704452607,0.0143645912654106,0.03128907062889886,0.2731071465216041,0.2240112726972744,0.25969795951941654,0.040192631431353716,0.2668309538505777,0.1278682634548175
Gentamicin,0.15476716326451387,0.2605881117934509,0.04158099520091749,0.03765921347840719,0.2814719780137089,0.24180037435940546,0.2708023146518436,0.14175958102353875,0.2692303469632784,0.2534637853928037
Tetracycline,0.1211392824295111,0.12797811869040973,0.14668182363768756,0.11929627333643888,0.16757107310528008,0.13679606923970383,0.15167943600844508,0.1321440288754694,0.15131305852447802,0.2429570324919251
