class,balanced_acc,accuracy,precision,AUPRC,recall,f1,fbeta,roc_auc,jaccard,mcc
Amoxicillin-Clavulanic acid,0.7252283435775205,0.8185238122940064,0.9028769284190732,0.9437720347132158,0.8388754973420346,0.8643971990245884,0.8479400889593698,0.8370256085793553,0.7707039273922027,0.44366048513677914
Ampicillin,0.7699482211456926,0.8149414300918579,0.8788745734834563,0.9315628216417796,0.8263820649929918,0.8421856829337713,0.8309416620427067,0.8795788260055282,0.7407024447078486,0.5534941613462822
Cefoxitin,0.8434883086508902,0.9011916995048523,0.9456247519924925,0.9654740604354082,0.9138896371289469,0.9294383440818308,0.9200353530979116,0.8910370046038871,0.8757152192732152,0.5978811992039264
Ceftiofur,0.857673086089522,0.907033371925354,0.9542411079126698,0.9737232356523533,0.9109931334978562,0.9319542760285258,0.9192278478611581,0.9123563437993543,0.8805051181617284,0.6203235586946959
Ceftriaxone,0.8438362866362701,0.8955896139144898,0.9738452651956588,0.984210664609332,0.8917126488171923,0.9270703662773873,0.9048393103201544,0.9157708368886324,0.8749929891989593,0.5928200876649766
Gentamicin,0.7278582850023289,0.722000527381897,0.9296323848999398,0.9583370825916869,0.7393683427705016,0.794467244488254,0.7570476656877443,0.8002409757678413,0.693700438027712,0.38547683030073454
Tetracycline,0.8321740687335373,0.8317401170730591,0.7789244901116248,0.8568998967514716,0.8468894004034098,0.8053663730595986,0.8280248137937916,0.8910556182472618,0.6762553827771802,0.6540889134490491
