class,balanced_acc,accuracy,precision,AUPRC,recall,f1,fbeta,roc_auc,jaccard,mcc
Amoxicillin-Clavulanic acid,0.12604585896386084,0.07979293345737036,0.0424185188598225,0.03232094839519123,0.14814709523697092,0.09607733122842485,0.12888397720497008,0.101521527660743,0.14102682707066472,0.22621346336480835
Ampicillin,0.0820858774440864,0.07701575845012901,0.05845300670146412,0.038341883414807945,0.18319088669986205,0.11887148512851571,0.15911978861924247,0.042968872817647684,0.1624281024232015,0.11648182284252216
Cefoxitin,0.07868230860853469,0.08089908917014356,0.08498833247070826,0.05044511757003783,0.07486211602467373,0.079531007559342,0.07663836681711587,0.057813020505933656,0.12682412356572903,0.18507922593694626
Ceftiofur,0.0931346994052347,0.08094482083981891,0.07098270333256332,0.04349950130451385,0.090712027042112,0.08135569428883958,0.08708933263741948,0.07843684896532455,0.13007488573351825,0.18767452577513155
Ceftriaxone,0.09044221830669115,0.11407572093768668,0.026451542748589265,0.02215524821693937,0.14414586131606766,0.09694756817336164,0.12734053221865912,0.06135149831249005,0.15132789075047134,0.17787508260155438
Gentamicin,0.15248866994844623,0.2428459429821072,0.083212366340445,0.035544364802613505,0.27499437649267094,0.2067636901356679,0.2521158112780663,0.18149632108812477,0.25441468276290174,0.25273734470754805
Tetracycline,0.05836615188906737,0.05787338279518148,0.09874775246588748,0.0678249488781648,0.079853408644811,0.04718283360465747,0.051896011485131184,0.055326931356200454,0.06653968160420048,0.08282075061607441
