class,balanced_acc,accuracy,precision,AUPRC,recall,f1,fbeta,roc_auc,jaccard,mcc
Amoxicillin-Clavulanic acid,0.13874265166697464,0.06959344802991126,0.055329137491829404,0.028881206159663362,0.11930448996219677,0.07112268100080871,0.09966105801686101,0.07601627642854111,0.1120847745392255,0.21742495232731757
Ampicillin,0.047952651210768624,0.032881762708989105,0.05275735496668103,0.035832051558989324,0.09095470275839952,0.05435820622796617,0.07460162421725736,0.034610086578507906,0.08267543078601917,0.07063646706839204
Cefoxitin,0.07528719053206716,0.08166357845938335,0.06508910918809879,0.04934720467042151,0.0939983146175025,0.0797835585881314,0.08839328661227433,0.07388971945514128,0.13042117155903718,0.1335824280959587
Ceftiofur,0.09263424785179243,0.08125334691529952,0.05919845120573871,0.04698070497087921,0.0949919642316328,0.07782793616586876,0.08830832883943134,0.0769499650308248,0.12859132615691107,0.15031734794575285
Ceftriaxone,0.09184244227890563,0.10990607452006175,0.01851235173052208,0.02248092502369497,0.13991906483843808,0.09012394166469996,0.12195857050681462,0.057691986113364464,0.14557579602364243,0.16058348568175676
Gentamicin,0.04420742734011893,0.0846786773664685,0.006465117601679807,0.013300991933570762,0.104688230545378,0.06321493354873815,0.08982209936758458,0.02946904725507263,0.10325716005258183,0.151135649550449
Tetracycline,0.09028659635529872,0.09949831204611262,0.12675488784087038,0.11296378634020007,0.0878180841668167,0.09677894349246124,0.08637177056023446,0.08682220789937252,0.12896840208020424,0.17519641964682256
