Metric,Mean,SD
valid_loss,0.217701882,0.026044169
masked_acc,0.841574405,0.077606499
masked_precision,0.91009735,0.030381797
masked_auprc,0.852098791,0.072249081
masked_recall,0.850177657,0.109849454
masked_f1,0.863546366,0.087863746
masked_fbeta,0.852130917,0.103218393
masked_auc,0.836530136,0.057593335
masked_jaccard,0.786060899,0.120855089
masked_hamming,0.158425633,0.077606495
masked_mcc,0.510254884,0.115418342
masked_balanced_acc,0.769334952,0.058258357
