class,balanced_acc,accuracy,precision,AUPRC,recall,f1,fbeta,roc_auc,jaccard,mcc
Amoxicillin-Clavulanic acid,0.09844113386861704,0.0776511392326821,0.04394880225179381,0.025951469820592547,0.19497373065814433,0.12311552055525292,0.16986717699449533,0.05003851721269347,0.16606231811025424,0.13293190373440142
Ampicillin,0.0677439583766135,0.07713793029210214,0.06660934910229646,0.03875457993343829,0.2191615234664987,0.1345805457097975,0.18780510598223094,0.023398418055003894,0.1731396118304159,0.10040300840958917
Cefoxitin,0.06669211397392,0.056108432415208215,0.07927097207155108,0.034146157206487386,0.031389229099506546,0.050504535775113366,0.03651632123051665,0.07287773051777345,0.08635361224911019,0.1325479544084258
Ceftiofur,0.0678463888064769,0.05866007028572943,0.0711585213209664,0.02940482494685761,0.04156821725018696,0.05277194932699875,0.044854084203598724,0.06742170772962956,0.09048172261057782,0.1234049519749353
Ceftriaxone,0.05667279895634432,0.06982240532234515,0.025230122907613693,0.01629036109452613,0.07972814237895769,0.053938953967746825,0.06989171942946365,0.04820135236989401,0.09221955709858112,0.10702614831993423
Gentamicin,0.10031190454103352,0.19729597207044744,0.042856461790180024,0.01838827785709444,0.22419067249662233,0.1690978190851865,0.2075152729250794,0.09311717140969004,0.2054975176382459,0.20651116077757267
Tetracycline,0.05956090061282467,0.06187449723004822,0.06126588149689159,0.09297266638641395,0.08709610852313356,0.05328504846010296,0.06928516275321253,0.07468980407170991,0.07631401914679888,0.09747349891709783
