class,balanced_acc,accuracy,precision,AUPRC,recall,f1,fbeta,roc_auc,jaccard,mcc
Amoxicillin-Clavulanic acid,0.7348003761095259,0.8093131065368653,0.9208460168769868,0.956791857792712,0.8090421218986699,0.8478696377768582,0.8221196970934299,0.8818750042267514,0.7500974206551767,0.46387905482815206
Ampicillin,0.7718601168958532,0.7978660464286804,0.8971183739148174,0.942498105568321,0.7925524352558551,0.8227495627814733,0.8013241442559392,0.9025562463435381,0.7146862944619429,0.5500556013798616
Cefoxitin,0.855547674582931,0.920276689529419,0.9498848798952275,0.9732855309677497,0.9446802609860679,0.9461878852202199,0.9450114255243175,0.8975922261931331,0.9011815590286968,0.6499852368889854
Ceftiofur,0.8753864179566543,0.9238719344139099,0.9557569906717814,0.9807835948896786,0.9407237598900873,0.9476204667015086,0.9433384110510442,0.9253196942114579,0.9040836563015204,0.6741410490048729
Ceftriaxone,0.8773109273424007,0.9178120732307434,0.9779763059975443,0.9873791896815416,0.9193087197142645,0.9468745471939094,0.929959764064179,0.9295483981993709,0.9028863046847692,0.6516588050649122
Gentamicin,0.7382673963179537,0.666699206829071,0.9577877726231993,0.9654393327510171,0.6501596105277294,0.7535526229571919,0.6855067510201263,0.8353177392975333,0.6267515394937698,0.3484800059098938
Tetracycline,0.8316971512774348,0.833754026889801,0.7749771679552373,0.8470540559920448,0.8517273274899134,0.8088206688767603,0.8332902863531423,0.868357047710252,0.6817367994371394,0.6530867543063104
