class,balanced_acc,accuracy,precision,AUPRC,recall,f1,fbeta,roc_auc,jaccard,mcc
Amoxicillin-Clavulanic acid,0.6737497584778542,0.704897403717041,0.9165699331890258,0.9145715785366842,0.6629213703176142,0.7480671955905974,0.6921544858476112,0.7736121272831656,0.6182218220640471,0.3125251723597863
Ampicillin,0.6881994514534828,0.6985846042633057,0.8779668572306851,0.8876763489121862,0.6455296587883046,0.7195954104849847,0.6700305211971083,0.7970537686779089,0.5808334825482958,0.3700356199996611
Cefoxitin,0.7115069980692255,0.7460290908813476,0.9560813969907389,0.9354486188029636,0.6936433288284648,0.7826113678028241,0.7243816349038102,0.7811531206448236,0.675285899119807,0.3199361063564651
Ceftiofur,0.7250478577537545,0.7550135493278504,0.964471237263961,0.9493248084405271,0.7030606936607902,0.79151696720747,0.733612967243346,0.80862483439178,0.686218806641026,0.3397804065067147
Ceftriaxone,0.7228325196991132,0.7238124012947083,0.9689181072484832,0.9677697727979462,0.6882789205984394,0.7771716506118969,0.7188110424143662,0.8206084990080326,0.6744790915991835,0.30780422851313727
Gentamicin,0.6602113480454659,0.6004731386899949,0.931278117987358,0.9430281896041635,0.5760192381281323,0.6789833277424334,0.6104441239417,0.7308128023982842,0.5529488788860217,0.25742178819074696
Tetracycline,0.7122129294110364,0.7375893831253052,0.7298108808420499,0.7530401482292027,0.6614691096083606,0.6849880760935003,0.6687404615371546,0.7698948561174912,0.5334527228013805,0.4415759920557564
