class,balanced_acc,accuracy,precision,AUPRC,recall,f1,fbeta,roc_auc,jaccard,mcc
Ciprofloxacin,0.6311036316365086,0.6647814512252808,0.7333353614263097,0.8014761517805971,0.761514826278191,0.7075629761634812,0.721444847652291,0.7213970140152631,0.5747297629338581,0.2564589352839822
Clindamycin,0.7066554296454689,0.7151993989944458,0.7578235790381721,0.8352657950096628,0.7228006700826526,0.7328897179915127,0.7252462717522621,0.7941951770553776,0.5845624076300183,0.39935563105589067
Erythromycin,0.7385108045425808,0.7382757782936096,0.7037368724538702,0.8288391128746098,0.8265165745550462,0.7581636874558887,0.7971229351739172,0.8239883306444604,0.6171484353360691,0.48134320692732696
Methicillin,0.8889437444802601,0.9009495377540588,0.8560804789580467,0.9181760946522548,0.8537946342021956,0.8534772845079968,0.853299257733628,0.939774917694178,0.7504150264706632,0.7653201753475197
Penicillin,0.7903402995034385,0.8699381232261658,0.7268678914506115,0.744492628727919,0.680184252118216,0.6897754601086907,0.6811194504006851,0.896300009025566,0.5304826434896884,0.6102990555449338
