class,balanced_acc,accuracy,precision,AUPRC,recall,f1,fbeta,roc_auc,jaccard,mcc
Ciprofloxacin,0.10818943473371223,0.1470753512042807,0.2891594669236556,0.21581354618791065,0.11641408867274544,0.2039262832597888,0.1400549581800126,0.11992906460595967,0.21715086611700146,0.2206920049589521
Clindamycin,0.06099970374658352,0.051228116282434795,0.16173623835441933,0.1072007863298003,0.0737790373390089,0.08971670384897788,0.07044676725702012,0.08405832204732791,0.10894424916139513,0.13210107424874637
Erythromycin,0.08390565983850001,0.0875578725485723,0.11170546996866992,0.08354695634426926,0.07853349771238663,0.09044263323208866,0.08039812503534298,0.08327136762067529,0.11397687033841805,0.16564625719379172
Methicillin,0.03555531240435904,0.033476486949930835,0.10099789506847005,0.05487275204412864,0.058897500817171045,0.07406248110349758,0.06264318591090909,0.025405895672868974,0.11644285896523052,0.07609649546542899
Penicillin,0.04328147104889602,0.057242431520383115,0.06682228956821315,0.06758833512034285,0.16946674367418674,0.07450369788867202,0.1301423995939933,0.018501297043540445,0.08852830802465038,0.050008315165878746
