Metric,Mean,SD
valid_loss,0.198247802,0.033756492
masked_acc,0.872695464,0.046011259
masked_precision,0.924142524,0.018323619
masked_auprc,0.858905027,0.074365127
masked_recall,0.88248681,0.074847269
masked_f1,0.892978644,0.049397846
masked_fbeta,0.883590843,0.064555232
masked_auc,0.857966529,0.060415343
masked_jaccard,0.824140359,0.078830996
masked_hamming,0.127304578,0.046011254
masked_mcc,0.561426534,0.087206117
masked_balanced_acc,0.798703018,0.056711135
