class,balanced_acc,accuracy,precision,AUPRC,recall,f1,fbeta,roc_auc,jaccard,mcc
Amoxicillin-Clavulanic acid,0.7573179539405817,0.8268452286720276,0.9164341149809403,0.9537118095650415,0.8439198363472581,0.8745241329799145,0.8550271611386631,0.8748837101525823,0.7826855482715871,0.487889982480848
Ampicillin,0.8216694310632645,0.844352912902832,0.9047341529946206,0.9484628045359658,0.8568448977657198,0.8776949777499403,0.8644951658646034,0.9152497268924776,0.785249094541089,0.6280475013104805
Cefoxitin,0.852617333769888,0.9218643307685852,0.9553203479253154,0.9686941437543671,0.9270928712294518,0.940700199775401,0.9324218545959084,0.896833014025457,0.8958958869763608,0.6782610463360188
Ceftiofur,0.8704015821195338,0.9286028861999511,0.9611210245481168,0.9723486189483376,0.9306037607952717,0.9452287923895397,0.9363133065084538,0.9210722873792687,0.9037343142197534,0.7130598074177062
Ceftriaxone,0.8650806069727859,0.9146867036819458,0.9807003021587646,0.9848313089456215,0.9083571845156841,0.9392540603310954,0.9197635848855518,0.9269263862221365,0.8953567709586764,0.6871956736966646
Gentamicin,0.8453376172769864,0.8459488868713378,0.9792987335657749,0.9727664849270685,0.8324285599976256,0.8971672582200625,0.8566609602809935,0.895164341963952,0.8182451574731576,0.5446145760437524
Tetracycline,0.8231276812042434,0.8265670418739319,0.7611590865313953,0.8496542155298231,0.8859764794443492,0.8155916982105301,0.8554837863544078,0.8896594679120863,0.6970276193438417,0.6540608550763959
